Module,Category,Question,Option A,Option B,Option C,Option D,Correct Answer,Image,Image Description
Human Factors and Safety,Human performance,The remote pilot reports severe fatigue before a scheduled night sortie. What is the MOST appropriate immediate response?,Fly a shorter route without reassessing competence,Assume caffeine restores judgment completely,Hide fatigue from the roster,Replace or rest the pilot before conducting the mission,D,,
Human Factors and Safety,Human performance,The remote pilot reports severe fatigue before a scheduled night sortie. Select ALL actions or checks that support a safe plan.,Adjust scheduling and staffing,Treat a signed briefing as alertness proof,Replace or rest the pilot before conducting the mission,Review fitness to operate,"A,C,D",,
Human Factors and Safety,Human performance,A pilot is taking a new prescription medicine that may cause drowsiness. What is the MOST appropriate immediate response?,Double the mission speed,Ask the observer to monitor symptoms only,Check fitness and seek appropriate medical advice before flight,Assume a legal prescription has no effect,C,,
Human Factors and Safety,Human performance,A pilot is taking a new prescription medicine that may cause drowsiness. Select ALL actions or checks that support a safe plan.,Use a stimulant without guidance,Review side effects and policy,Ignore concentration lapses,Assign a fit qualified replacement if needed,"B,D",,
Human Factors and Safety,Human performance,The crew has been working continuously in strong midday heat. What is the MOST appropriate immediate response?,Pause and address heat stress and hydration,Ignore reduced concentration,Use heavier clothing without a break,Continue because symptoms are expected,A,,
Human Factors and Safety,Human performance,The crew has been working continuously in strong midday heat. Select ALL actions or checks that support a safe plan.,Monitor for heat illness symptoms,Pause and address heat stress and hydration,Treat battery temperature as human temperature,Plan breaks and shaded work areas,"A,B,D",,
Human Factors and Safety,Human performance,A pilot struggles to judge aircraft distance against a uniform cloud background. What is the MOST appropriate immediate response?,Shorten the operating range or use approved additional cues,Assume apparent size is exact range,Rely on camera zoom alone,Continue until the drone disappears,A,,
Human Factors and Safety,Human performance,A pilot struggles to judge aircraft distance against a uniform cloud background. Select ALL actions or checks that support a safe plan.,Confirm safe separation with observer and telemetry,Treat clear air as depth perception proof,Use familiar landmarks,Use motor pitch as distance,"A,C",,
Human Factors and Safety,Human performance,An observer calls a low-flying helicopter but the pilot is focused on the camera. What is the MOST appropriate immediate response?,Ask the observer to stop calling,Shift attention to the hazard and execute the traffic plan,Continue framing the shot,Assume the aircraft cannot conflict,B,,
Human Factors and Safety,Human performance,An observer calls a low-flying helicopter but the pilot is focused on the camera. Select ALL actions or checks that support a safe plan.,Shift attention to the hazard and execute the traffic plan,Wait for an automatic warning,Acknowledge and read back the call,Maintain a safe escape or landing option,"A,C,D",,
Human Factors and Safety,Human performance,The controller display is hard to read in bright sunlight. What is the MOST appropriate immediate response?,Turn off all alarms to reduce clutter,Guess values from icons,Improve viewing conditions before relying on critical indications,Fly farther away to test readability,C,,
Human Factors and Safety,Human performance,The controller display is hard to read in bright sunlight. Select ALL actions or checks that support a safe plan.,Treat high screen brightness as guaranteed contrast,Use a sunshade or reposition safely,Assume nearby phone screen is equivalent,Verify audible or alternate alerts,"B,D",,
Human Factors and Safety,Human performance,A pilot experiences a momentary loss of situational awareness in a complex route. What is the MOST appropriate immediate response?,Dismiss the observer,Continue waypoint changes from memory,"Pause the task and restore position, traffic and energy awareness",Ignore uncertainty to meet schedule,C,,
Human Factors and Safety,Human performance,A pilot experiences a momentary loss of situational awareness in a complex route. Select ALL actions or checks that support a safe plan.,Confirm aircraft state from reliable displays,"Pause the task and restore position, traffic and energy awareness",Assume automation knows the mission intent,Brief the crew and select a safe holding/return action,"A,B,D",,
Human Factors and Safety,Human performance,The flight team is operating across multiple time zones and a pilot has poor sleep. What is the MOST appropriate immediate response?,Adjust duty and rest before critical operation,Assume clock time alone proves alertness,Use a larger screen to fix fatigue,Ignore cumulative duty,A,,
Human Factors and Safety,Human performance,The flight team is operating across multiple time zones and a pilot has poor sleep. Select ALL actions or checks that support a safe plan.,Treat daylight as circadian recovery,Assess actual sleep and work history,Use coffee as the only risk control,Schedule a fit crew and breaks,"B,D",,
Human Factors and Safety,Human performance,An operator experiences pressure to finish the flight despite deteriorating weather. What is the MOST appropriate immediate response?,Raise weather thresholds without approval,Ignore the latest observation,Apply pre-agreed limits and be willing to stop,Ask the customer for a safety waiver,C,,
Human Factors and Safety,Human performance,An operator experiences pressure to finish the flight despite deteriorating weather. Select ALL actions or checks that support a safe plan.,Use objective go/no-go criteria,Apply pre-agreed limits and be willing to stop,Treat sunk costs as safety evidence,Document decision and new conditions,"A,B,D",,
Human Factors and Safety,Crew communication,A pilot and observer use different meanings for the word left near a crossing route. What is the MOST appropriate immediate response?,Agree on clear viewpoint and cardinal references before launch,Use gestures without context,Assume both mean pilot's left,Fly first to establish orientation,A,,
Human Factors and Safety,Crew communication,A pilot and observer use different meanings for the word left near a crossing route. Select ALL actions or checks that support a safe plan.,Brief standard phraseology,Treat raised volume as clearer directions,Use read-back for critical calls,Omit positions from traffic calls,"A,C",,
Human Factors and Safety,Crew communication,The observer reports traffic using an ambiguous landmark. What is the MOST appropriate immediate response?,Tell the observer to look elsewhere,"Request a precise relative bearing, range and movement",Assume traffic is far away,Ignore the report until a collision alarm,B,,
Human Factors and Safety,Crew communication,The observer reports traffic using an ambiguous landmark. Select ALL actions or checks that support a safe plan.,Confirm the avoidance action to the crew,"Request a precise relative bearing, range and movement",Use a camera pan as verbal confirmation,Acknowledge the call,"A,B,D",,
Human Factors and Safety,Crew communication,A relief pilot takes over during a long mapping sortie. What is the MOST appropriate immediate response?,Use the client as handover authority,Assume the new pilot knows the return point,Pass the controller silently,"Make a structured handover of state, threats and controls",D,,
Human Factors and Safety,Crew communication,A relief pilot takes over during a long mapping sortie. Select ALL actions or checks that support a safe plan.,Confirm who has command and communications,Ignore pending abnormalities,Share only the camera framing,"State battery, location and active mode","A,D",,
Human Factors and Safety,Crew communication,Two crew members give conflicting instructions during a lost-link event. What is the MOST appropriate immediate response?,Let the client choose the action,Switch off all radios without a plan,Use the assigned command structure and approved contingency,Execute both instructions at once,C,,
Human Factors and Safety,Crew communication,Two crew members give conflicting instructions during a lost-link event. Select ALL actions or checks that support a safe plan.,Treat the loudest voice as the commander,Use the assigned command structure and approved contingency,Use a clear call-and-read-back sequence,Identify who has decision authority,"B,C,D",,
Human Factors and Safety,Crew communication,A pilot cannot hear radio calls because the observer is relaying multiple messages at once. What is the MOST appropriate immediate response?,Continue without acknowledging traffic,Prioritize safety-critical calls and simplify communications,Add more unrelated messages,Turn down all audio alerts,B,,
Human Factors and Safety,Crew communication,A pilot cannot hear radio calls because the observer is relaying multiple messages at once. Select ALL actions or checks that support a safe plan.,Assume repetition always improves clarity,Confirm receipt of urgent information,Use defined short call signs and roles,Use a chat app as only urgent channel,"B,C",,
Human Factors and Safety,Crew communication,The crew uses two different versions of a landing checklist. What is the MOST appropriate immediate response?,Choose the version with fewer actions,Split steps between versions,Ignore the mismatch for a short flight,Stop and agree on the current controlled checklist,D,,
Human Factors and Safety,Crew communication,The crew uses two different versions of a landing checklist. Select ALL actions or checks that support a safe plan.,Check revision and applicability,Treat a personal note as policy,Brief the confirmed sequence,Stop and agree on the current controlled checklist,"A,C,D",,
Human Factors and Safety,Crew communication,A nearby team begins an operation in the same training area. What is the MOST appropriate immediate response?,Assume each team can ignore the other,Use identical call signs,Skip a common briefing,"Coordinate responsibilities, timings and conflict responses",D,,
Human Factors and Safety,Crew communication,A nearby team begins an operation in the same training area. Select ALL actions or checks that support a safe plan.,Treat separate Wi-Fi networks as separation,Define operating boundaries and altitude profiles,Agree on emergency communication,Rely on clients to deconflict,"B,C",,
Human Factors and Safety,Crew communication,A new observer has not heard the contingency briefing. What is the MOST appropriate immediate response?,Give the role during the flight without preparation,Assume general experience is sufficient,Brief and verify understanding before relying on that observer,Ignore lost-link responsibilities,C,,
Human Factors and Safety,Crew communication,A new observer has not heard the contingency briefing. Select ALL actions or checks that support a safe plan.,Treat a vest as training completion,Rehearse abort and traffic calls,Brief and verify understanding before relying on that observer,Explain scan sector and callouts,"B,C,D",,
Human Factors and Safety,Crew communication,An important warning is delivered while the pilot is executing a demanding landing. What is the MOST appropriate immediate response?,Add unrelated details until the pilot replies,Wait until after landing regardless of danger,Use only hand gestures at a distance,Use concise priority communication and confirm action,D,,
Human Factors and Safety,Crew communication,An important warning is delivered while the pilot is executing a demanding landing. Select ALL actions or checks that support a safe plan.,State the immediate hazard first,Confirm the pilot heard the critical message,Hide the warning to reduce workload,Assume shouting a name is a full briefing,"A,B",,
Human Factors and Safety,Risk assessment,The flight area includes an unmarked power line found during the site walk. What is the MOST appropriate immediate response?,Assume lines are not hazardous to drones,Use the old site plan unchanged,Update the risk assessment and reroute or protect the operation,Wait to identify its height in flight,C,,
Human Factors and Safety,Risk assessment,The flight area includes an unmarked power line found during the site walk. Select ALL actions or checks that support a safe plan.,Brief a safer route and buffer,Mark the line and approach hazards,Treat a battery full indicator as risk control,Update the risk assessment and reroute or protect the operation,"A,B,D",,
Human Factors and Safety,Risk assessment,A planned emergency landing zone is now used for vehicle parking. What is the MOST appropriate immediate response?,Assume drivers will move immediately,Choose and validate another emergency landing option,Ask a driver to stand under the aircraft,Continue relying on occupied ground,B,,
Human Factors and Safety,Risk assessment,A planned emergency landing zone is now used for vehicle parking. Select ALL actions or checks that support a safe plan.,Update crew contingency brief,Check people and vehicles in the alternate,Wait until link loss to find an alternative,Treat map color as proof of ground clearance,"A,B",,
Human Factors and Safety,Risk assessment,Weather passes a written abort threshold during flight. What is the MOST appropriate immediate response?,Reset the controller limit without documentation,Ignore the threshold after takeoff,Ask the customer to waive it,Apply the prebriefed abort or safe landing procedure,D,,
Human Factors and Safety,Risk assessment,Weather passes a written abort threshold during flight. Select ALL actions or checks that support a safe plan.,Treat one calm second as a new forecast,Tell the crew about the trigger,Preserve energy for a safe recovery,Apply the prebriefed abort or safe landing procedure,"B,C,D",,
Human Factors and Safety,Risk assessment,The team identifies an additional obstacle inside the planned return-to-home route. What is the MOST appropriate immediate response?,Ignore the obstacle because manual flight is planned,Assume the aircraft senses all obstacles,Change the return profile within approved limits before launch,Delete the return procedure,C,,
Human Factors and Safety,Risk assessment,The team identifies an additional obstacle inside the planned return-to-home route. Select ALL actions or checks that support a safe plan.,Assume a higher return is automatically lawful,Confirm an alternate lost-link route or landing,Use camera angle as clearance,Recheck obstacle height and position,"B,D",,
Human Factors and Safety,Risk assessment,An observer loses direct sight of the aircraft in haze. What is the MOST appropriate immediate response?,Move the observation station without briefing,Continue based only on the last reported position,Assume a camera image proves visual contact,Use the approved loss-of-visual-reference response,D,,
Human Factors and Safety,Risk assessment,An observer loses direct sight of the aircraft in haze. Select ALL actions or checks that support a safe plan.,Inform the pilot immediately,Use the approved loss-of-visual-reference response,Take a safe recovery action,Treat telemetry signal as required visual observation,"A,B,C",,
Human Factors and Safety,Risk assessment,Nearby public access changes during a multi-hour operation. What is the MOST appropriate immediate response?,Leave signs unattended,Assume the area stays empty,Reassess the exclusion zone as ground exposure changes,Ignore a newly opened gate,C,,
Human Factors and Safety,Risk assessment,Nearby public access changes during a multi-hour operation. Select ALL actions or checks that support a safe plan.,Treat earlier photos as current site state,Brief revised landing or pause triggers,Assign active boundary monitoring,Use higher speed to reduce exposure,"B,C",,
Human Factors and Safety,Risk assessment,The planned aircraft has a known intermittent link issue. What is the MOST appropriate immediate response?,Fly only when signal bars look full,Ground or correct it before flying,Assume the issue will not recur,Increase mission length to test it,B,,
Human Factors and Safety,Risk assessment,The planned aircraft has a known intermittent link issue. Select ALL actions or checks that support a safe plan.,Treat a previous successful return as proof,Ground or correct it before flying,Inspect logs and hardware,Verify repair with a controlled test,"B,C,D",,
Human Factors and Safety,Risk assessment,"A mission combines poor visibility, strong wind and a new pilot. What is the MOST appropriate immediate response?",Accept the job because no single factor is extreme,Assume moderate individual risks always stay moderate,Ignore pilot experience,Assess combined risk instead of each factor in isolation,D,,
Human Factors and Safety,Risk assessment,"A mission combines poor visibility, strong wind and a new pilot. Select ALL actions or checks that support a safe plan.",Use a shorter briefing to reduce pressure,Treat a high test score as weather immunity,Define conservative go/no-go criteria,Reassess staffing and route,"C,D",,
Human Factors and Safety,Risk assessment,A battery is approaching its planned turn-back threshold during a survey. What is the MOST appropriate immediate response?,Ignore the nearest safe landing area,Add one more waypoint automatically,Assume advertised endurance applies unchanged,Stop survey and initiate the planned return,D,,
Human Factors and Safety,Risk assessment,A battery is approaching its planned turn-back threshold during a survey. Select ALL actions or checks that support a safe plan.,Compare current energy with return demand,Use image count as battery margin,Stop survey and initiate the planned return,Notify observer of return and contingency,"A,C,D",,
Human Factors and Safety,Emergency response,The aircraft becomes uncontrollable near a populated area. What is the MOST appropriate immediate response?,Continue trying to finish the camera mission,Execute the approved emergency plan prioritizing people,Fly toward the crowd for a view,Wait for a client decision,B,,
Human Factors and Safety,Emergency response,The aircraft becomes uncontrollable near a populated area. Select ALL actions or checks that support a safe plan.,Use a safe termination or recovery option as trained,Warn the team and affected people safely,Delete telemetry during the event,Assume others can predict the aircraft path,"A,B",,
Human Factors and Safety,Emergency response,A battery pack starts smoking on the ground. What is the MOST appropriate immediate response?,Carry it through a crowded room,Touch exposed terminals,Isolate people and follow the approved battery-fire response,Charge it to stabilize voltage,C,,
Human Factors and Safety,Emergency response,A battery pack starts smoking on the ground. Select ALL actions or checks that support a safe plan.,Isolate people and follow the approved battery-fire response,Pour water without assessing approved procedures,Use trained fire containment appropriate to the pack,Alert emergency services if required,"A,C,D",,
Human Factors and Safety,Emergency response,A person is injured during aircraft recovery. What is the MOST appropriate immediate response?,Continue flying until survey completion,Protect the scene and obtain appropriate medical help,Erase the flight log,Move injured person unnecessarily,B,,
Human Factors and Safety,Emergency response,A person is injured during aircraft recovery. Select ALL actions or checks that support a safe plan.,Follow reporting and documentation duties,Assume minor injury needs no attention,Share injury footage publicly,Stop operations and make area safe,"A,D",,
Human Factors and Safety,Emergency response,A drone is lost beyond the planned BVLOS corridor. What is the MOST appropriate immediate response?,Guess a new home point,Assume it landed inside the corridor,Start another sortie to search immediately,Initiate lost-aircraft and airspace notification procedure,D,,
Human Factors and Safety,Emergency response,A drone is lost beyond the planned BVLOS corridor. Select ALL actions or checks that support a safe plan.,Ignore potential ground exposure,Coordinate ground search safely,Initiate lost-aircraft and airspace notification procedure,Record last known telemetry position,"B,C,D",,
Human Factors and Safety,Emergency response,The controller indicates a possible propeller failure in flight. What is the MOST appropriate immediate response?,Increase speed to test propulsion,Ignore unusual vibration,Prioritize safe recovery/termination per the type-specific procedure,Continue to collect data until clear evidence,C,,
Human Factors and Safety,Emergency response,The controller indicates a possible propeller failure in flight. Select ALL actions or checks that support a safe plan.,Choose the safest available landing site,Use camera focus to judge propeller integrity,Assume redundancy is unlimited,Warn crew and clear affected ground,"A,D",,
Human Factors and Safety,Emergency response,A crew member discovers a downed drone near a live electrical line. What is the MOST appropriate immediate response?,Touch a hanging cable,Keep people clear and contact the responsible utility/emergency services,Enter the area without assessment,Retrieve it using a metal pole,B,,
Human Factors and Safety,Emergency response,A crew member discovers a downed drone near a live electrical line. Select ALL actions or checks that support a safe plan.,Assume the line is inactive,Document the location for specialists,Keep people clear and contact the responsible utility/emergency services,Establish a safe cordon,"B,C,D",,
Human Factors and Safety,Emergency response,An emergency descent would enter a road with active traffic. What is the MOST appropriate immediate response?,Choose the safest available planned alternative and warn appropriately,Ask an untrained bystander to catch the drone,Assume vehicles will stop automatically,Descend without checking ground exposure,A,,
Human Factors and Safety,Emergency response,An emergency descent would enter a road with active traffic. Select ALL actions or checks that support a safe plan.,Treat a fast descent as zero risk,Use preidentified safer termination areas,Coordinate traffic or ground control if feasible,Ignore changing vehicle flow,"B,C",,
Human Factors and Safety,Emergency response,A missing aircraft's last GNSS fix conflicts with a witness observation. What is the MOST appropriate immediate response?,Assume the last fix is exact,Preserve both sources and coordinate a safe search,Overwrite the witness record,Rush personnel into restricted ground,B,,
Human Factors and Safety,Emergency response,A missing aircraft's last GNSS fix conflicts with a witness observation. Select ALL actions or checks that support a safe plan.,Communicate with responsible authorities if needed,Treat one camera frame as conclusive,Preserve both sources and coordinate a safe search,Mark uncertainty around last position,"A,C,D",,
Human Factors and Safety,Emergency response,A crash leaves a damaged battery connected to the airframe. What is the MOST appropriate immediate response?,Put the pack in a crowded office,Immediately energize the pack to download images,Touch exposed conductors,Make the area safe and isolate power only if safe and trained,D,,
Human Factors and Safety,Emergency response,A crash leaves a damaged battery connected to the airframe. Select ALL actions or checks that support a safe plan.,Assume low voltage removes fire risk,Follow trained manufacturer and site procedures,Discharge it by shorting wires,Watch for heat/smoke and set an exclusion area,"B,D",,
Human Factors and Safety,Maintenance and learning,The same GPS fault recurs on multiple aircraft after an update. What is the MOST appropriate immediate response?,Change map colors to hide the alert,Treat pilot experience as repair,Ignore because each flight landed,Ground affected units and investigate a common cause,D,,
Human Factors and Safety,Maintenance and learning,The same GPS fault recurs on multiple aircraft after an update. Select ALL actions or checks that support a safe plan.,Ground affected units and investigate a common cause,Collect software and fault logs,Test corrective action before release,Assume multiple units cannot share faults,"A,B,C",,
Human Factors and Safety,Maintenance and learning,A crew member reports a near miss with another aircraft. What is the MOST appropriate immediate response?,Treat successful landing as no event,Document and review it under the safety reporting process,Blame a single person without evidence,Hide it because no contact occurred,B,,
Human Factors and Safety,Maintenance and learning,A crew member reports a near miss with another aircraft. Select ALL actions or checks that support a safe plan.,Preserve relevant logs and timelines,Publish names without policy,Reassess airspace and lookout controls,Wait until memory fades,"A,C",,
Human Factors and Safety,Maintenance and learning,A new propeller specification replaces an obsolete part number. What is the MOST appropriate immediate response?,Mix different blade types for testing,Verify compatibility and update controlled records,Ignore direction and material,Assume any same-size propeller is identical,B,,
Human Factors and Safety,Maintenance and learning,A new propeller specification replaces an obsolete part number. Select ALL actions or checks that support a safe plan.,Use colour alone as approved specification,Update spares and maintenance instructions,Check manufacturer interchangeability,Verify compatibility and update controlled records,"B,C,D",,
Human Factors and Safety,Maintenance and learning,A preflight checklist step is repeatedly skipped due to confusing wording. What is the MOST appropriate immediate response?,Assume repeated omission proves it is unnecessary,Rely on memory alone,Delete the step silently,Revise the controlled procedure and retrain crews,D,,
Human Factors and Safety,Maintenance and learning,A preflight checklist step is repeatedly skipped due to confusing wording. Select ALL actions or checks that support a safe plan.,Blame only the last pilot,Validate revised wording with operators,Change submitted audit records,Capture the human-factors issue,"B,D",,
Human Factors and Safety,Maintenance and learning,A replacement motor is installed after a failure. What is the MOST appropriate immediate response?,Ignore matching rotation direction,Fly immediately because it spins,Leave the repair unrecorded,Complete approved maintenance and functional checks before release,D,,
Human Factors and Safety,Maintenance and learning,A replacement motor is installed after a failure. Select ALL actions or checks that support a safe plan.,Verify part compatibility,Complete approved maintenance and functional checks before release,Record tests and release decision,Use a successful software startup as flight test,"A,B,C",,
Human Factors and Safety,Maintenance and learning,A battery showed abnormal heating during two sorties. What is the MOST appropriate immediate response?,Remove it for investigation before further operational use,Use it on a shorter sortie instead,Freeze it to hide heat,Ignore it because charge completes,A,,
Human Factors and Safety,Maintenance and learning,A battery showed abnormal heating during two sorties. Select ALL actions or checks that support a safe plan.,Treat case colour as pack health,Record trends and compare approved limits,Reset temperature history without notes,Check cell and connector health,"B,D",,
Human Factors and Safety,Maintenance and learning,An instructor changes a question's marked answer after candidates have finished. What is the MOST appropriate immediate response?,Adjust only selected students' grades privately,Use a documented moderation decision and preserve original results,Delete the old question,Silently overwrite every attempt,B,,
Human Factors and Safety,Maintenance and learning,An instructor changes a question's marked answer after candidates have finished. Select ALL actions or checks that support a safe plan.,Communicate outcomes under academy policy,Document evidence for key correction,Use a documented moderation decision and preserve original results,Treat a screenshot as the only audit record,"A,B,C",,
Human Factors and Safety,Maintenance and learning,An incident investigation finds the emergency landing area was missing from the brief. What is the MOST appropriate immediate response?,Add the area to a template without training,Update briefing and verify crews understand the contingency,Assume one lucky landing resolves the defect,Hide the finding from other crews,B,,
Human Factors and Safety,Maintenance and learning,An incident investigation finds the emergency landing area was missing from the brief. Select ALL actions or checks that support a safe plan.,Use the finding in safety feedback,Punish reporting to deter incidents,Check revised preflight process in practice,Leave old briefing sheets active,"A,C",,
Human Factors and Safety,Maintenance and learning,An equipment fault is repaired but the original cause is not understood. What is the MOST appropriate immediate response?,Use the longest mission as validation,Remove the fault code from display only,Do not release until repair and root-cause risk are assessed,Assume replaced parts always solve unknown causes,C,,
Human Factors and Safety,Maintenance and learning,An equipment fault is repaired but the original cause is not understood. Select ALL actions or checks that support a safe plan.,Monitor for recurrence under an approved plan,Erase earlier defects,Do not release until repair and root-cause risk are assessed,Test relevant functions and document findings,"A,C,D",,
Human Factors and Safety,Risk assessment,"In the pictured example grid, which combination calls for stopping and redesigning?","High likelihood, high impact","High likelihood, low impact","Low likelihood, low impact","Low likelihood, high impact",A,human_risk_grid.png,Illustrative 2-by-2 risk grid: low likelihood/low impact monitor; high likelihood/low impact add controls; low likelihood/high impact add controls; high likelihood/high impact stop and redesign.
Human Factors and Safety,Risk assessment,Which pictured conditions explicitly require additional controls rather than simple monitoring? Select all that apply.,"Low likelihood, low impact","Low likelihood, high impact","High likelihood, high impact requires stronger stop/redesign response","High likelihood, low impact","B,C,D",human_risk_grid.png,Illustrative 2-by-2 risk grid: low likelihood/low impact monitor; high likelihood/low impact add controls; low likelihood/high impact add controls; high likelihood/high impact stop and redesign.
Human Factors and Safety,Crew communication,Which pictured role holds command before the handover read-back is complete?,Bystander,Relief pilot,Outgoing pilot,Client,C,human_handover.png,"Handover information shows waypoint 4/8, battery 46%, automatic mode, rising crosswind; outgoing pilot retains command until read-back."
Human Factors and Safety,Crew communication,Which details should be explicitly briefed in the pictured handover? Select all that apply.,Current location and mode,Battery status,The customer's preferred font,The rising crosswind threat,"A,B,D",human_handover.png,"Handover information shows waypoint 4/8, battery 46%, automatic mode, rising crosswind; outgoing pilot retains command until read-back."
Human Factors and Safety,Human performance,How long has the pictured crew been on duty at the planned 18:00 sortie?,4 hours,18 hours,12 hours,8 hours,C,human_work_timeline.png,"Illustrative timeline shows duty start 06:00, first sortie 10:00, second 14:00 and third planned at 18:00, with no rest period shown."
Human Factors and Safety,Human performance,Which checks matter before the illustrated third sortie? Select all that apply.,Confirm required rest and duty policy,Consider a fit replacement crew,Assess alertness and cumulative fatigue,Assume repeated flights improve alertness automatically,"A,B,C",human_work_timeline.png,"Illustrative timeline shows duty start 06:00, first sortie 10:00, second 14:00 and third planned at 18:00, with no rest period shown."
Human Factors and Safety,Emergency response,Which pictured role is assigned to preserve evidence?,Observer,Client,Recorder,Camera payload,C,human_event_sequence.png,"Five roles: pilot secures site, observer warns people, coordinator calls help if needed, recorder preserves evidence, manager decides release after investigation."
Human Factors and Safety,Emergency response,"During this pictured response, which actions reduce harm or support a fair review? Select all that apply.",Preserve available records,Delete evidence to protect the team,Secure the aircraft and site,Warn nearby people,"A,C,D",human_event_sequence.png,"Five roles: pilot secures site, observer warns people, coordinator calls help if needed, recorder preserves evidence, manager decides release after investigation."
Human Factors and Safety,Maintenance and learning,Which pictured check is marked as failed?,Weather margin,Pilot currency,Aircraft inspection,Airspace review,A,human_preflight_status.png,"Preflight status board shows pilot currency pass, aircraft inspection pass, weather margin fail, airspace review pass, release pending."
Human Factors and Safety,Maintenance and learning,Which steps should happen before the pictured release is signed? Select all that apply.,Resolve the failed weather margin,Document any changed plan and rebrief,Ignore weather because three checks passed,Reassess the go/no-go decision,"A,B,D",human_preflight_status.png,"Preflight status board shows pilot currency pass, aircraft inspection pass, weather margin fail, airspace review pass, release pending."
